{
    "@context": "http://www.w3.org/ns/csvw",
    "dialect": {
        "header": true,
        "headerRowCount": 1,
        "delimiter": "\t"
    },
    "tables": [
        {
            "url": "sub.tsv",
            "tableSchema": {
                "aboutUrl": "readme.htm",
                "primaryKey": "adsh",
                "columns": [
                    {
                        "name": "adsh",
                        "titles": ["Accession Number"],
                        "required": "true",
                        "datatype": {
                            "base": "string",
                            "minLength": 20,
                            "maxLength": 20
                        },
                        "dc:description": "Accession Number. The 20-character string formed from the 18-digit number assigned by the Commission to each EDGAR submission."
                    },
                    {
                        "name": "cik",
                        "titles": ["Central Index Key"],
                        "datatype": {
                            "base": "decimal",
                            "minInclusive": 0,
                            "maxLength": 10
                        },
                        "dc:description": "Central Index Key (CIK). Ten digit number assigned by the Commission to each registrant that submits filings."
                    },
                    {
                        "name": "name",
                        "titles": ["Registrant"],
                        "datatype": {
                            "base": "string",
                            "maxLength": 150
                        },
                        "dc:description": "Name of registrant. This corresponds to the name of the legal entity as recorded in EDGAR as of the filing date."
                    },
                    {
                        "name": "countryba",
                        "titles": [
                            "Business Address Country",
                            "Country (B)"
                        ],
                        "datatype": {
                            "base": "string",
                            "minLength": 2,
                            "maxLength": 2
                        },
                        "dc:description": "The ISO 3166-1 country of the registrant's business address."
                    },
                    {
                        "name": "stprba",
                        "titles": [
                            "Business Address State or Province",
                            "State (B)"
                        ],
                        "datatype": {
                            "base": "string",
                            "minLength": 2,
                            "maxLength": 2
                        },
                        "dc:description": "The state or province of the registrant's business address, if field countryba is US or CA."
                    },
                    {
                        "name": "cityba",
                        "titles": [
                            "Business Address City",
                            "City (B)"
                        ],
                        "datatype": {
                            "base": "string",
                            "maxLength": 30
                        },
                        "dc:description": "The city of the registrant's business address."
                    },
                    {
                        "name": "zipba",
                        "titles": [
                            "Business Address Zip or Postal Code",
                            "Zip (B)"
                        ],
                        "datatype": {
                            "base": "string",
                            "maxLength": 10
                        },
                        "dc:description": "The zip code of the registrant's business address."
                    },
                    {
                        "name": "bas1",
                        "titles": [
                            "Business Address Street 1",
                            "Street1 (B)"
                        ],
                        "datatype": {
                            "base": "string",
                            "maxLength": 40
                        },
                        "dc:description": "The first line of the street of the registrant's business address."
                    },
                    {
                        "name": "bas2",
                        "titles": [
                            "Business Address Street 2",
                            "Street2 (B)"
                        ],
                        "datatype": {
                            "base": "string",
                            "maxLength": 40
                        },
                        "dc:description": "The second line of the street of the registrant's business address."
                    },
                    {
                        "name": "baph",
                        "titles": [
                            "Business Address Phone",
                            "Phone (B)"
                        ],
                        "datatype": {
                            "base": "string",
                            "maxLength": 20
                        },
                        "dc:description": "The phone number of the registrant's business address."
                    },
                    {
                        "name": "countryma",
                        "titles": [
                            "Mailing Address Country",
                            "Country (M)"
                        ],
                        "datatype": {
                            "base": "string",
                            "minLength": 2,
                            "maxLength": 2
                        },
                        "dc:description": "The ISO 3166-1 country of the registrant's mailing address."
                    },
                    {
                        "name": "stprma",
                        "titles": [
                            "Mailing Address State or Province",
                            "State (M)"
                        ],
                        "datatype": {
                            "base": "string",
                            "minLength": 2,
                            "maxLength": 2
                        },
                        "dc:description": "The state or province of the registrant's mailing address, if field countryma is US or CA."
                    },
                    {
                        "name": "cityma",
                        "titles": [
                            "Mailing Address City",
                            "City (M)"
                        ],
                        "datatype": {
                            "base": "string",
                            "maxLength": 30
                        },
                        "dc:description": "The city of the registrant's mailing address."
                    },
                    {
                        "name": "zipma",
                        "titles": [
                            "Mailing Address Zip or Postal Code",
                            "Zip (M)"
                        ],
                        "datatype": {
                            "base": "string",
                            "maxLength": 12
                        },
                        "dc:description": "The zip code of the registrant's mailing address."
                    },
                    {
                        "name": "mas1",
                        "titles": [
                            "Mailing Address Street1",
                            "Street1 (M)"
                        ],
                        "datatype": {
                            "base": "string",
                            "maxLength": 40
                        },
                        "dc:description": "The first line of the street of the registrant's mailing address."
                    },
                    {
                        "name": "mas2",
                        "titles": [
                            "Mailing Address Street2",
                            "Street1 (M)"
                        ],
                        "datatype": {
                            "base": "string",
                            "maxLength": 40
                        },
                        "dc:description": "The second line of the street of the registrant's mailing address."
                    },
                    {
                        "name": "countryinc",
                        "titles": [
                            "Country of Incorporation",
                            "Incorporation Country"
                        ],
                        "datatype": {
                            "base": "string",
                            "minLength": 2,
                            "maxLength": 2
                        },
                        "dc:description": "The country of incorporation for the registrant."
                    },
                    {
                        "name": "stprinc",
                        "titles": [
                            "State or Province of Incorporation",
                            "Incorporation State"
                        ],
                        "datatype": {
                            "base": "string",
                            "minLength": 2,
                            "maxLength": 2
                        },
                        "dc:description": "The state or province of incorporation for the registrant, if countryinc is US or CA, otherwise NULL."
                    },
                    {
                        "name": "ein",
                        "titles": [
                            "EIN",
                            "Employee Identification Number"
                        ],
                        "datatype": {
                            "base": "string",
                            "maxLength": 9
                        },
                        "dc:description": "Employee Identification Number, 9 digit identification number assigned by the Internal Revenue Service to business entities operating in the United States."
                    },
                    {
                        "name": "former",
                        "titles": ["Former Name"],
                        "datatype": {
                            "base": "string",
                            "maxLength": 150
                        },
                        "dc:description": "Most recent former name of the registrant, if any."
                    },
                    {
                        "name": "changed",
                        "titles": ["Date of Name Change"],
                        "datatype": {
                            "base": "string",
                            "minLength": 8,
                            "maxLength": 8
                        },
                        "dc:description": "Date of change from the former name, if any."
                    },
                    {
                        "name": "fye",
                        "titles": ["FY End Date"],
                        "datatype": {
                            "base": "string",
                            "maxLength": 4
                        },
                        "dc:description": "Fiscal Year End Date, rounded to nearest month-end."
                    },
                    {
                        "name": "form",
                        "titles": [
                            "Submission Type",
                            "Filing Type",
                            "EDGAR Form Type"
                        ],
                        "datatype": {
                            "base": "string",
                            "maxLength": 20
                        },
                        "dc:description": "The submission type of the registrant's filing."
                    },
                    {
                        "name": "pdate",
                        "titles": ["Prospectus Date"],
                        "datatype": {
                            "base": "string",
                            "minLength": 8,
                            "maxLength": 8
                        },
                        "dc:description": "The date of the prospectus."
                    },
                    {
                        "name": "effdate",
                        "titles": ["Effective Date"],
                        "datatype": {
                            "base": "string",
                            "minLength": 8,
                            "maxLength": 8
                        },
                        "dc:description": "The effective date of the prospectus or amendment."
                    },
                    {
                        "name": "filed",
                        "titles": ["Date Filed"],
                        "datatype": {
                            "base": "string",
                            "maxLength": 8
                        },
                        "dc:description": "The date of the registrant's filing with the Commission."
                    },
                    {
                        "name": "accepted",
                        "titles": ["Acceptance Datetime"],
                        "datatype": {
                            "base": "date",
                            "format": "YYYYMMDD HH:MM:SS.S"
                        },
                        "dc:description": "The acceptance date and time of the registrant's filing with the Commission. Filings accepted after 5:30pm EST are considered filed on the following business day."
                    },
                    {
                        "name": "instance",
                        "titles": ["Instance Filename"],
                        "datatype": {
                            "base": "string",
                            "maxLength": 32
                        },
                        "dc:description": "The name of the submitted XBRL Instance Document (EX-101.INS) type data file. The name often begins with the company ticker symbol."
                    },
                    {
                        "name": "nciks",
                        "titles": ["Number of Coregistrants"],
                        "required": "true",
                        "datatype": {
                            "base": "decimal",
                            "minInclusive": 0,
                            "maxInclusive": 32767
                        },
                        "dc:description": "Number of Central Index Keys (CIK) of registrants (i.e., business units) included in the consolidating entity's submitted filing."
                    },
                    {
                        "name": "aciks",
                        "titles": ["Additional Coregistrant CIKs"],
                        "datatype": {
                            "base": "string",
                            "maxLength": 120
                        },
                        "dc:description": "Additional CIKs of co-registrants included in a consolidating entity's EDGAR submission, separated by spaces. If there are no other co-registrants (i.e., nciks = 1), the value of aciks is NULL. For a very small number of filers, the list of co-registrants is too long to fit in the field. Where this is the case, PARTIAL will appear at the end of the list indicating that not all co-registrants' CIKs are included in the field; users should refer to the complete submission file for all CIK information."
                    }
                ]
            }
        },
        {
            "url": "tag.tsv",
            "tableSchema": {
                "aboutUrl": "readme.htm",
                "primaryKey": [
                    "tag",
                    "version"
                ],
                "columns": [
                    {
                        "name": "tag",
                        "titles": ["Localname"],
                        "required": "true",
                        "datatype": {
                            "base": "string",
                            "maxLength": 256
                        },
                        "dc:description": "The unique identifier (name) for a tag in a specific taxonomy release."
                    },
                    {
                        "name": "version",
                        "titles": [
                            "Namespace",
                            "Taxonomy"
                        ],
                        "required": "true",
                        "datatype": {
                            "base": "string",
                            "maxLength": 20
                        },
                        "dc:description": "For a standard tag, an identifier for the taxonomy; otherwise the accession number where the tag was defined."
                    },
                    {
                        "name": "custom",
                        "titles": [],
                        "required": "true",
                        "datatype": {
                            "base": "decimal",
                            "minInclusive": 0,
                            "maxInclusive": 1
                        },
                        "dc:description": "1 if tag is custom (version=adsh), 0 if it is standard. Note: This flag is technically redundant with the version and adsh fields."
                    },
                    {
                        "name": "abstract",
                        "titles": [],
                        "required": "true",
                        "datatype": {
                            "base": "decimal",
                            "minInclusive": 0,
                            "maxInclusive": 1
                        },
                        "dc:description": "1 if the tag is not used to represent a numeric fact."
                    },
                    {
                        "name": "datatype",
                        "titles": [],
                        "datatype": {
                            "base": "string",
                            "maxLength": 20
                        },
                        "dc:description": "If abstract=1, then NULL, otherwise the data type (e.g., monetary) for the tag."
                    },
                    {
                        "name": "iord",
                        "titles": ["Instant or Duration"],
                        "datatype": {
                            "base": "string",
                            "maxLength": 1
                        },
                        "dc:description": "If abstract=1, then NULL; otherwise, I if the value is a point in time, or D if the value is a duration."
                    },
                    {
                        "name": "tlabel",
                        "titles": ["Label"],
                        "datatype": {
                            "base": "string",
                            "maxLength": 512
                        },
                        "dc:description": "If a standard tag, then the label text provided by the taxonomy, otherwise the text provided by the filer. A tag which had neither would have a NULL value here."
                    },
                    {
                        "name": "doc",
                        "titles": ["Documentation"],
                        "datatype": {
                            "base": "string"
                        },
                        "dc:description": "The detailed definition for the tag. If a standard tag, then the text provided by the taxonomy, otherwise the text assigned by the filer. Some tags have neither, in which case this field is NULL."
                    }
                ]
            }
        },
        {
            "url": "cal.tsv",
            "tableSchema": {
                "aboutUrl": "readme.htm",
                "primaryKey": [
                    "adsh",
                    "grp",
                    "arc"
                ],
                "columns": [
                    {
                        "name": "adsh",
                        "titles": ["Accession Number"],
                        "required": "true",
                        "datatype": {
                            "base": "string",
                            "minLength": 20,
                            "maxLength": 20
                        },
                        "dc:description": "Accession Number. The 20-character string formed from the 18-digit number assigned by the Commission to each EDGAR submission."
                    },
                    {
                        "name": "grp",
                        "titles": ["Group"],
                        "required": "true",
                        "datatype": {
                            "base": "decimal",
                            "minInclusive": 0,
                            "maxInclusive": 256
                        },
                        "dc:description": "Sequential number for grouping arcs in a submission."
                    },
                    {
                        "name": "arc",
                        "titles": [],
                        "required": "true",
                        "datatype": {
                            "base": "decimal",
                            "minInclusive": 256
                        },
                        "dc:description": "Sequential number for arcs within a group in a submission."
                    },
                    {
                        "name": "negative",
                        "titles": ["Negative Weight"],
                        "required": "true",
                        "datatype": {
                            "base": "decimal",
                            "minInclusive": 0,
                            "maxInclusive": 1
                        },
                        "dc:description": "Indicates a weight of -1 (TRUE if the arc is negative), but typically +1 (FALSE)."
                    },
                    {
                        "name": "ptag",
                        "titles": ["Parent Tag"],
                        "required": "true",
                        "datatype": {
                            "base": "string",
                            "maxLength": 256
                        },
                        "dc:description": "The tag for the parent of the arc"
                    },
                    {
                        "name": "pversion",
                        "titles": ["Parent Namespace"],
                        "required": "true",
                        "datatype": {
                            "base": "string",
                            "maxLength": 20
                        },
                        "dc:description": "The version of the tag for the parent of the arc"
                    },
                    {
                        "name": "ctag",
                        "titles": ["Child Tag"],
                        "required": "true",
                        "datatype": {
                            "base": "string",
                            "maxLength": 256
                        },
                        "dc:description": "The tag for the child of the arc"
                    },
                    {
                        "name": "cversion",
                        "titles": ["Child Namespace"],
                        "required": "true",
                        "datatype": {
                            "base": "string",
                            "maxLength": 20
                        },
                        "dc:description": "The version of the tag for the child of the arc"
                    }
                ],
                "foreignKeys": [
                    {
                        "columnReference": "adsh",
                        "reference": {
                            "resource": "https://www.sec.gov/files/2019q4_rr1.zip#path=sub.tsv",
                            "columnReference": "adsh"
                        }
                    },
                    {
                        "columnReference": [
                            "ptag",
                            "pversion"
                        ],
                        "reference": {
                            "resource": "https://www.sec.gov/files/2019q4_rr1.zip#path=tag.tsv",
                            "columnReference": [
                                "tag",
                                "version"
                            ]
                        }
                    },
                    {
                        "columnReference": [
                            "ctag",
                            "cversion"
                        ],
                        "reference": {
                            "resource": "https://www.sec.gov/files/2019q4_rr1.zip#path=tag.tsv",
                            "columnReference": [
                                "tag",
                                "version"
                            ]
                        }
                    }
                ]
            }
        },
        {
            "url": "num.tsv",
            "tableSchema": {
                "aboutUrl": "readme.htm",
                "primaryKey": [
                    "adsh",
                    "tag",
                    "version",
                    "ddate",
                    "uom",
                    "series",
                    "class",
                    "measure",
                    "document",
                    "otherdims",
                    "iprx"
                ],
                "columns": [
                    {
                        "name": "adsh",
                        "titles": ["Accession Number"],
                        "required": "true",
                        "datatype": {
                            "base": "string",
                            "minLength": 20,
                            "maxLength": 20
                        },
                        "dc:description": "Accession Number. The 20-character string formed from the 18-digit number assigned by the Commission to each EDGAR submission."
                    },
                    {
                        "name": "tag",
                        "titles": ["Localname"],
                        "required": "true",
                        "datatype": {
                            "base": "string",
                            "maxLength": 256
                        },
                        "dc:description": "The unique identifier (name) for a tag in a specific taxonomy release."
                    },
                    {
                        "name": "version",
                        "titles": ["Namespace"],
                        "required": "true",
                        "datatype": {
                            "base": "string",
                            "maxLength": 20
                        },
                        "dc:description": "For a standard tag, an identifier for the taxonomy; otherwise the accession number where the tag was defined."
                    },
                    {
                        "name": "ddate",
                        "titles": ["Data Date"],
                        "required": "true",
                        "datatype": {
                            "base": "string",
                            "minLength": 8,
                            "maxLength": 8
                        },
                        "dc:description": "The end date for the data value, rounded to the nearest month end."
                    },
                    {
                        "name": "uom",
                        "titles": ["Unit of Measure"],
                        "required": "true",
                        "datatype": {
                            "base": "string",
                            "maxLength": 50
                        },
                        "dc:description": "The unit of measure for the value."
                    },
                    {
                        "name": "series",
                        "titles": ["Series ID"],
                        "datatype": {
                            "base": "string",
                            "maxLength": 10
                        },
                        "dc:description": "The EDGAR assigned Series ID for the fund."
                    },
                    {
                        "name": "class",
                        "titles": ["Class ID"],
                        "datatype": {
                            "base": "string",
                            "maxLength": 10
                        },
                        "dc:description": "The EDGAR assigned Class ID for the fund."
                    },
                    {
                        "name": "measure",
                        "titles": ["Performance measure"],
                        "datatype": {
                            "base": "string",
                            "maxLength": 10
                        },
                        "dc:description": "The Performance Measure has values that distinguish different returns according to whether they are Before Taxes (NULL), After Taxes on Distributions, After Taxes on Distributions and Sales, or are a pre-tax measure of returns based on a broadly available market index."
                    },
                    {
                        "name": "document",
                        "titles": ["Class ID"],
                        "datatype": {
                            "base": "string",
                            "maxLength": 256
                        },
                        "dc:description": "A single series, or different classes of the same series, may be presented in different prospectuses, all in the same XBRL instance.  To define a distinct Risk/Return Summary for each prospectus, the preparer declares members of the Document Information Axis."
                    },
                    {
                        "name": "otherdims",
                        "titles": ["Other Dimensions"],
                        "datatype": {
                            "base": "string",
                            "maxLength": 256
                        },
                        "dc:description": "The preparer may declare additional axes and members of those axes to distinguish otherwise identical facts."
                    },
                    {
                        "name": "iprx",
                        "titles": ["Fact Preference"],
                        "datatype": {
                            "base": "decimal",
                            "minInclusive": 0,
                            "maxInclusive": 32767
                        },
                        "dc:description": "A positive integer to distinguish different reported facts that otherwise would have the same primary key. For most purposes, data with iprx greater than 1 are not needed. The priority for the fact based on higher precision."
                    },
                    {
                        "name": "value",
                        "titles": [],
                        "datatype": {"base": "decimal"},
                        "dc:description": "The value. This is not scaled, it is as found in the Interactive Data file, but is rounded to four digits to the right of the decimal point."
                    },
                    {
                        "name": "footnote",
                        "titles": ["Footnote Text"],
                        "datatype": {
                            "base": "string",
                            "maxLength": 512
                        },
                        "dc:description": "The plain text of any superscripted footnotes on the value, if any, as shown on the statement page, truncated to 512 characters."
                    },
                    {
                        "name": "footlen",
                        "titles": ["Footnote Length"],
                        "required": "true",
                        "datatype": {
                            "base": "decimal",
                            "minInclusive": 0
                        },
                        "dc:description": "Number of characters in the plain text of the footnote prior to truncation; zero if no footnote."
                    },
                    {
                        "name": "dimn",
                        "titles": ["Number of Dimensions"],
                        "required": "true",
                        "datatype": {
                            "base": "decimal",
                            "minInclusive": 0
                        },
                        "dc:description": "Small integer representing the number of dimensions. Note that this value is a function of the dimension segments."
                    },
                    {
                        "name": "dcml",
                        "titles": ["Decimals"],
                        "datatype": {
                            "base": "decimal",
                            "minInclusive": -32768,
                            "maxInclusive": 32767
                        },
                        "dc:description": "The value of the fact \"decimals\" attribute, with INF represented by 32767."
                    }
                ],
                "foreignKeys": [
                    {
                        "columnReference": "adsh",
                        "reference": {
                            "resource": "https://www.sec.gov/files/2019q4_rr1.zip#path=sub.tsv",
                            "columnReference": "adsh"
                        }
                    },
                    {
                        "columnReference": [
                            "tag",
                            "version"
                        ],
                        "reference": {
                            "resource": "https://wwww.sec.gov/files/2019q4.zip#path=tag.tsv",
                            "columnReference": [
                                "tag",
                                "version"
                            ]
                        }
                    }
                ]
            }
        },
        {
            "url": "txt.tsv",
            "tableSchema": {
                "aboutUrl": "readme.htm",
                "primaryKey": [
                    "adsh",
                    "tag",
                    "version",
                    "ddate",
                    "qtrs",
                    "dimh",
                    "iprx"
                ],
                "columns": [
                    {
                        "name": "adsh",
                        "titles": ["Accession number"],
                        "required": "true",
                        "datatype": {
                            "base": "string",
                            "minLength": 20,
                            "maxLength": 20
                        },
                        "dc:description": "Accession Number. The 20-character string formed from the 18-digit number assigned by the Commission to each EDGAR submission."
                    },
                    {
                        "name": "tag",
                        "titles": ["Localname"],
                        "required": "true",
                        "datatype": {
                            "base": "string",
                            "maxLength": 256
                        },
                        "dc:description": "The unique identifier (name) for a tag in a specific taxonomy release."
                    },
                    {
                        "name": "version",
                        "titles": [
                            "Namespace",
                            "Taxonomy"
                        ],
                        "required": "true",
                        "datatype": {
                            "base": "string",
                            "maxLength": 20
                        },
                        "dc:description": "For a standard tag, an identifier for the taxonomy; otherwise the accession number where the tag was defined. For example, \"invest/2013\" indicates that the tag is defined in the 2013 INVEST taxonomy."
                    },
                    {
                        "name": "ddate",
                        "titles": ["Data Date"],
                        "required": "true",
                        "datatype": {
                            "base": "string",
                            "minLength": 8,
                            "maxLength": 8
                        },
                        "dc:description": "The end date for the data value, rounded to the nearest month end."
                    },
                    {
                        "name": "series",
                        "titles": ["Series ID"],
                        "datatype": {
                            "base": "string",
                            "maxLength": 10
                        },
                        "dc:description": "The EDGAR assigned Series ID for the fund."
                    },
                    {
                        "name": "class",
                        "titles": ["Class ID"],
                        "datatype": {
                            "base": "string",
                            "maxLength": 10
                        },
                        "dc:description": "The EDGAR assigned Class ID for the fund."
                    },
                    {
                        "name": "measure",
                        "titles": ["Performance measure"],
                        "datatype": {
                            "base": "string",
                            "maxLength": 10
                        },
                        "dc:description": "The Performance Measure has values that distinguish different returns according to whether they are Before Taxes (NULL), After Taxes on Distributions, After Taxes on Distributions and Sales, or are a pre-tax measure of returns based on a broadly available market index."
                    },
                    {
                        "name": "document",
                        "titles": ["Class ID"],
                        "datatype": {
                            "base": "string",
                            "maxLength": 256
                        },
                        "dc:description": ""
                    },
                    {
                        "name": "otherdims",
                        "titles": ["Other Dimensions"],
                        "datatype": {
                            "base": "string",
                            "maxLength": 256
                        },
                        "dc:description": ""
                    },
                    {
                        "name": "lang",
                        "titles": ["Language"],
                        "datatype": {
                            "base": "string",
                            "maxLength": 5
                        },
                        "dc:description": "The ISO language code of the fact content."
                    },
                    {
                        "name": "iprx",
                        "titles": [
                            "Fact Preference",
                            "Preferred Fact Sort Key"
                        ],
                        "datatype": {
                            "base": "decimal",
                            "minInclusive": -32768,
                            "maxInclusive": 32767
                        },
                        "dc:description": "A positive integer to distinguish different reported facts that otherwise would have the same primary key. For most purposes, data with iprx greater than 1 are not needed. The priority for the fact based on higher precision, closeness of the end date to a month end, and closeness of the duration to a multiple of three months. See fields dcml, durp and datp below."
                    },
                    {
                        "name": "dcml",
                        "titles": [
                            "Language Preference",
                            "Language Sort Key"
                        ],
                        "datatype": {
                            "base": "decimal",
                            "minInclusive": -32768,
                            "maxInclusive": 32767
                        },
                        "dc:description": "The value of the fact \"xml:lang\" attribute, en-US represented by 32767, other \"en\" dialects having lower values, and other languages lower still."
                    },
                    {
                        "name": "dimn",
                        "titles": ["Number of Dimensions"],
                        "required": "true",
                        "datatype": {
                            "base": "decimal",
                            "minInclusive": 0
                        },
                        "dc:description": "Small integer representing the number of dimensions, useful for sorting. Note that this value is function of the dimension segments."
                    },
                    {
                        "name": "escaped",
                        "titles": [],
                        "required": "true",
                        "datatype": {
                            "base": "decimal",
                            "minInclusive": 0,
                            "maxInclusive": 1
                        },
                        "dc:description": "Flag indicating whether the value has had tags removed."
                    },
                    {
                        "name": "srclen",
                        "titles": ["Source Length"],
                        "required": "true",
                        "datatype": {
                            "base": "decimal",
                            "minInclusive": 0
                        },
                        "dc:description": "Number of characters in the original, unprocessed value. Zero indicates a NULL value."
                    },
                    {
                        "name": "txtlen",
                        "titles": ["Text Length"],
                        "required": "true",
                        "datatype": {
                            "base": "decimal",
                            "minInclusive": 0
                        },
                        "dc:description": "The original length of the whitespace normalized value, which may have been greater than 8192."
                    },
                    {
                        "name": "footnote",
                        "titles": ["Footnote Text"],
                        "datatype": {
                            "base": "string",
                            "maxLength": 512
                        },
                        "dc:description": "The plain text of any superscripted footnotes on the value, as shown on the page, truncated to 512 characters, or if there is no footnote, then this field will be blank."
                    },
                    {
                        "name": "footlen",
                        "titles": ["Footnote Length"],
                        "required": "true",
                        "datatype": {
                            "base": "decimal",
                            "minInclusive": 0
                        },
                        "dc:description": "Number of characters in the plain text of the footnote prior to truncation."
                    },
                    {
                        "name": "context",
                        "titles": ["Context Ref"],
                        "datatype": {
                            "base": "string",
                            "maxLength": 256
                        },
                        "dc:description": "The value of the contextRef attribute in the source XBRL document, which can be used to recover the original HTML tagging if desired."
                    },
                    {
                        "name": "value",
                        "titles": [],
                        "datatype": {
                            "base": "string"
                        },
                        "dc:description": "The value, with all whitespace normalized, that is, all sequences of line feeds, carriage returns, tabs, non-breaking spaces, and spaces having been collapsed to a single space, and no leading or trailing spaces. Escaped XML that appears in EDGAR \"Text Block\" tags is processed to remove all mark-up (comments, processing instructions, elements, attributes). The resulting text is not intended for end user display but only for text analysis applications."
                    }
                ],
                "foreignKeys": [
                    {
                        "columnReference": "adsh",
                        "reference": {
                            "resource": "https://www.sec.gov/files/2019q4_rr1.zip#path=sub.tsv",
                            "columnReference": "adsh"
                        }
                    },
                    {
                        "columnReference": [
                            "tag",
                            "version"
                        ],
                        "reference": {
                            "resource": "https://wwww.sec.gov/files/2019q4.zip#path=tag.tsv",
                            "columnReference": [
                                "tag",
                                "version"
                            ]
                        }
                    }
                ]
            }
        },
        {
            "url": "lab.tsv",
            "tableSchema": {
                "aboutUrl": "readme.htm",
                "primaryKey": [
                    "adsh",
                    "tag",
                    "version"
                ],
                "columns": [
                    {
                        "name": "adsh",
                        "titles": ["Accession number"],
                        "required": "true",
                        "datatype": {
                            "base": "string",
                            "minLength": 20,
                            "maxLength": 20
                        },
                        "dc:description": "Accession Number. The 20-character string formed from the 18-digit number assigned by the Commission to each EDGAR submission."
                    },
                    {
                        "name": "tag",
                        "titles": ["Localname"],
                        "required": "true",
                        "datatype": {
                            "base": "string",
                            "maxLength": 256
                        },
                        "dc:description": "The unique identifier (name) for a tag in a specific taxonomy release."
                    },
                    {
                        "name": "version",
                        "titles": [
                            "Namespace",
                            "Taxonomy"
                        ],
                        "required": "true",
                        "datatype": {
                            "base": "string",
                            "maxLength": 20
                        },
                        "dc:description": "For a standard tag, an identifier for the taxonomy; otherwise the accession number where the tag was defined. For example, \"rr/2018\" indicates that the tag is defined in the 2018 RR taxonomy."
                    },
                    {
                        "name": "std",
                        "titles": ["Standard label"],
                        "required": "false",
                        "datatype": {
                            "base": "string",
                            "maxLength": 256
                        },
                        "dc:description": "Standard label for a concept."
                    },
                    {
                        "name": "terse",
                        "titles": ["Terse label"],
                        "required": "false",
                        "datatype": {
                            "base": "string",
                            "maxLength": 256
                        },
                        "dc:description": "Short label for a Concept, often omitting text that should be inferable when the concept is reported in the context of other related concepts."
                    },
                    {
                        "name": "verbose",
                        "titles": ["Verbose label"],
                        "required": "false",
                        "datatype": {
                            "base": "string",
                            "maxLength": 256
                        },
                        "dc:description": "Extended label for a Concept, making sure not to omit text that is required to enable the label to be understood on a stand alone basis."
                    },
                    {
                        "name": "total",
                        "titles": ["Total label"],
                        "required": "false",
                        "datatype": {
                            "base": "string",
                            "maxLength": 256
                        },
                        "dc:description": "The label for a concept for use in presenting values associated with the concept when it is being reported as the total of a set of other values."
                    },
                    {
                        "name": "negated",
                        "titles": ["Negated label"],
                        "required": "false",
                        "datatype": {
                            "base": "string",
                            "maxLength": 256
                        },
                        "dc:description": "Label for a concept when it is to be presented with its fact value multiplied by -1."
                    },
                    {
                        "name": "negatedTerse",
                        "titles": ["Negated terse label"],
                        "required": "false",
                        "datatype": {
                            "base": "string",
                            "maxLength": 256
                        },
                        "dc:description": "Label for a concept when it is to be presented with its fact value multiplied by -1, often omitting text that should be inferable when the concept is reported in the context of other related concepts."
                    }
                ],
             }
        }
    ]
}
