{
    "@context": "http://www.w3.org/ns/csvw",
    "dialect": {
        "header": true,
        "headerRowCount": 1,
        "delimiter": "\t"
    },
    "tables": [
        {
            "url": "sub.tsv",
            "tableSchema": {
                "aboutUrl": "readme.htm",
                "primaryKey": "adsh",
                "columns": [
                    {
                        "name": "adsh",
                        "titles": ["Accession Number"],
                        "required": "true",
                        "datatype": {
                            "base": "string",
                            "minLength": 20,
                            "maxLength": 20
                        },
                        "dc:description": "Accession Number. The 20-character string formed from the 18-digit number assigned by the Commission to each EDGAR submission."
                    },
                    {
                        "name": "cik",
                        "titles": ["Central Index Key"],
                        "datatype": {
                            "base": "decimal",
                            "minInclusive": 0,
                            "maxLength": 10
                        },
                        "dc:description": "Central Index Key (CIK). Ten digit number assigned by the Commission to each registrant that submits filings."
                    },
                    {
                        "name": "name",
                        "titles": ["Registrant"],
                        "datatype": {
                            "base": "string",
                            "maxLength": 150
                        },
                        "dc:description": "Name of registrant. This corresponds to the name of the legal entity as recorded in EDGAR as of the filing date."
                    },
                    {
                        "name": "sic",
                        "titles": ["Standard Industrial Classification Code"],
                        "datatype": {
                            "base": "string",
                            "maxLength": 4
                        },
                        "dc:description": "Standard Industrial Classification (SIC). Four digit code assigned by the Commission as of the filing date, indicating the registrant's type of business."
                    },
                    {
                        "name": "countryba",
                        "titles": [
                            "Business Address Country",
                            "Country (B)"
                        ],
                        "datatype": {
                            "base": "string",
                            "minLength": 2,
                            "maxLength": 2
                        },
                        "dc:description": "The ISO 3166-1 country of the registrant's business address."
                    },
                    {
                        "name": "stprba",
                        "titles": [
                            "Business Address State or Province",
                            "State (B)"
                        ],
                        "datatype": {
                            "base": "string",
                            "minLength": 2,
                            "maxLength": 2
                        },
                        "dc:description": "The state or province of the registrant's business address, if field countryba is US or CA."
                    },
                    {
                        "name": "cityba",
                        "titles": [
                            "Business Address City",
                            "City (B)"
                        ],
                        "datatype": {
                            "base": "string",
                            "maxLength": 30
                        },
                        "dc:description": "The city of the registrant's business address."
                    },
                    {
                        "name": "zipba",
                        "titles": [
                            "Business Address Zip or Postal Code",
                            "Zip (B)"
                        ],
                        "datatype": {
                            "base": "string",
                            "maxLength": 10
                        },
                        "dc:description": "The zip code of the registrant's business address."
                    },
                    {
                        "name": "bas1",
                        "titles": [
                            "Business Address Street 1",
                            "Street1 (B)"
                        ],
                        "datatype": {
                            "base": "string",
                            "maxLength": 40
                        },
                        "dc:description": "The first line of the street of the registrant's business address."
                    },
                    {
                        "name": "bas2",
                        "titles": [
                            "Business Address Street 2",
                            "Street2 (B)"
                        ],
                        "datatype": {
                            "base": "string",
                            "maxLength": 40
                        },
                        "dc:description": "The second line of the street of the registrant's business address."
                    },
                    {
                        "name": "baph",
                        "titles": [
                            "Business Address Phone",
                            "Phone (B)"
                        ],
                        "datatype": {
                            "base": "string",
                            "maxLength": 20
                        },
                        "dc:description": "The phone number of the registrant's business address."
                    },
                    {
                        "name": "countryma",
                        "titles": [
                            "Mailing Address Country",
                            "Country (M)"
                        ],
                        "datatype": {
                            "base": "string",
                            "minLength": 2,
                            "maxLength": 2
                        },
                        "dc:description": "The ISO 3166-1 country of the registrant's mailing address."
                    },
                    {
                        "name": "stprma",
                        "titles": [
                            "Mailing Address State or Province",
                            "State (M)"
                        ],
                        "datatype": {
                            "base": "string",
                            "minLength": 2,
                            "maxLength": 2
                        },
                        "dc:description": "The state or province of the registrant's mailing address, if field countryma is US or CA."
                    },
                    {
                        "name": "cityma",
                        "titles": [
                            "Mailing Address City",
                            "City (M)"
                        ],
                        "datatype": {
                            "base": "string",
                            "maxLength": 30
                        },
                        "dc:description": "The city of the registrant's mailing address."
                    },
                    {
                        "name": "zipma",
                        "titles": [
                            "Mailing Address Zip or Postal Code",
                            "Zip (M)"
                        ],
                        "datatype": {
                            "base": "string",
                            "maxLength": 12
                        },
                        "dc:description": "The zip code of the registrant's mailing address."
                    },
                    {
                        "name": "mas1",
                        "titles": [
                            "Mailing Address Street1",
                            "Street1 (M)"
                        ],
                        "datatype": {
                            "base": "string",
                            "maxLength": 40
                        },
                        "dc:description": "The first line of the street of the registrant's mailing address."
                    },
                    {
                        "name": "mas2",
                        "titles": [
                            "Mailing Address Street2",
                            "Street1 (M)"
                        ],
                        "datatype": {
                            "base": "string",
                            "maxLength": 40
                        },
                        "dc:description": "The second line of the street of the registrant's mailing address."
                    },
                    {
                        "name": "countryinc",
                        "titles": [
                            "Country of Incorporation",
                            "Incorporation Country"
                        ],
                        "datatype": {
                            "base": "string",
                            "minLength": 2,
                            "maxLength": 2
                        },
                        "dc:description": "The country of incorporation for the registrant."
                    },
                    {
                        "name": "stprinc",
                        "titles": [
                            "State or Province of Incorporation",
                            "Incorporation State"
                        ],
                        "datatype": {
                            "base": "string",
                            "minLength": 2,
                            "maxLength": 2
                        },
                        "dc:description": "The state or province of incorporation for the registrant, if countryinc is US or CA, otherwise NULL."
                    },
                    {
                        "name": "ein",
                        "titles": [
                            "EIN",
                            "Employee Identification Number"
                        ],
                        "datatype": {
                            "base": "string",
                            "maxLength": 9
                        },
                        "dc:description": "Employee Identification Number, 9 digit identification number assigned by the Internal Revenue Service to business entities operating in the United States."
                    },
                    {
                        "name": "former",
                        "titles": ["Former Name"],
                        "datatype": {
                            "base": "string",
                            "maxLength": 150
                        },
                        "dc:description": "Most recent former name of the registrant, if any."
                    },
                    {
                        "name": "changed",
                        "titles": ["Date of Name Change"],
                        "datatype": {
                            "base": "string",
                            "minLength": 8,
                            "maxLength": 8
                        },
                        "dc:description": "Date of change from the former name, if any."
                    },
                    {
                        "name": "afs",
                        "titles": [
                            "Status",
                            "Accelerated Filer Status"
                        ],
                        "datatype": {
                            "base": "string",
                            "maxLength": 5
                        },
                        "dc:description": "Filer status with the Commission at the time of submission: 1-LAF=Large Accelerated, 2-ACC=Accelerated, 3-SRA=Smaller Reporting Accelerated, 4-NON=Non-Accelerated, 5-SML=Smaller Reporting Filer, NULL=not assigned."
                    },
                    {
                        "name": "wksi",
                        "titles": ["Well-known Seasoned Issuer"],
                        "datatype": {
                            "base": "decimal",
                            "minInclusive": 0,
                            "maxInclusive": 1
                        },
                        "dc:description": "Well Known Seasoned Issuer (WKSI). An issuer that meets specific Commission requirements at some point during a 60-day period preceding the date the issuer satisfies its obligation to update its shelf registration statement."
                    },
                    {
                        "name": "fye",
                        "titles": ["FY End Date"],
                        "datatype": {
                            "base": "string",
                            "maxLength": 4
                        },
                        "dc:description": "Fiscal Year End Date, rounded to nearest month-end."
                    },
                    {
                        "name": "form",
                        "titles": [
                            "Submission Type",
                            "Filing Type",
                            "EDGAR Form Type"
                        ],
                        "datatype": {
                            "base": "string",
                            "maxLength": 20
                        },
                        "dc:description": "The submission type of the registrant's filing."
                    },
                    {
                        "name": "period",
                        "titles": [
                            "Report Period",
                            "Date of Balance Sheet, rounded to nearest month-end"
                        ],
                        "datatype": {
                            "base": "string",
                            "minLength": 8,
                            "maxLength": 8
                        },
                        "dc:description": "Balance Sheet Date."
                    },
                    {
                        "name": "fy",
                        "titles": ["Fiscal Year"],
                        "datatype": {
                            "base": "string",
                            "minLength": 4,
                            "maxLength": 4
                        },
                        "dc:description": "Fiscal Year Focus (as defined in EFM Ch. 6)."
                    },
                    {
                        "name": "fp",
                        "titles": ["Fiscal Period"],
                        "datatype": {
                            "base": "string",
                            "minLength": 2,
                            "maxLength": 2
                        },
                        "dc:description": "Fiscal Period Focus (as defined in EFM Ch. 6) within Fiscal Year. The 10-Q for the 1st, 2nd and 3rd quarters would have a fiscal period focus of Q1, Q2 (or H1), and Q3 (or M9) respectively, and a 10-K would have a fiscal period focus of FY."
                    },
                    {
                        "name": "filed",
                        "titles": ["Date Filed"],
                        "datatype": {
                            "base": "string",
                            "maxLength": 8
                        },
                        "dc:description": "The date of the registrant's filing with the Commission."
                    },
                    {
                        "name": "accepted",
                        "titles": ["Acceptance Datetime"],
                        "datatype": {
                            "base": "date",
                            "format": "YYYYMMDD HH:MM:SS.S"
                        },
                        "dc:description": "The acceptance date and time of the registrant's filing with the Commission. Filings accepted after 5:30pm EST are considered filed on the following business day."
                    },
                    {
                        "name": "prevrpt",
                        "titles": [
                            "Previous Report Flag",
                            "Subsequently Amended Flag"
                        ],
                        "required": "true",
                        "datatype": {
                            "base": "decimal",
                            "minInclusive": 0,
                            "maxInclusive": 255
                        },
                        "dc:description": "Previous Report.  TRUE indicates that the submission information was subsequently amended prior to the end cutoff date of the data set."
                    },
                    {
                        "name": "detail",
                        "titles": ["Detail Tagged"],
                        "required": "true",
                        "datatype": {
                            "base": "decimal",
                            "minInclusive": 0,
                            "maxInclusive": 255
                        },
                        "dc:description": "TRUE indicates that the XBRL submission contains quantitative disclosures within the footnotes and schedules at the required detail level (e.g., each amount)."
                    },
                    {
                        "name": "instance",
                        "titles": ["Instance Filename"],
                        "datatype": {
                            "base": "string",
                            "maxLength": 32
                        },
                        "dc:description": "The name of the submitted XBRL Instance Document (EX-101.INS) type data file. The name often begins with the company ticker symbol."
                    },
                    {
                        "name": "nciks",
                        "titles": ["Number of Coregistrants"],
                        "required": "true",
                        "datatype": {
                            "base": "decimal",
                            "minInclusive": 0,
                            "maxInclusive": 32767
                        },
                        "dc:description": "Number of Central Index Keys (CIK) of registrants (i.e., business units) included in the consolidating entity's submitted filing."
                    },
                    {
                        "name": "aciks",
                        "titles": ["Additional Coregistrant CIKs"],
                        "datatype": {
                            "base": "string",
                            "maxLength": 120
                        },
                        "dc:description": "Additional CIKs of co-registrants included in a consolidating entity's EDGAR submission, separated by spaces. If there are no other co-registrants (i.e., nciks = 1), the value of aciks is NULL. For a very small number of filers, the list of co-registrants is too long to fit in the field. Where this is the case, PARTIAL will appear at the end of the list indicating that not all co-registrants' CIKs are included in the field; users should refer to the complete submission file for all CIK information."
                    },
                    {
                        "name": "pubfloatusd",
                        "titles": ["Public Float"],
                        "datatype": {"base": "decimal"},
                        "dc:description": "Public float, in USD, if provided in this submission."
                    },
                    {
                        "name": "floatdate",
                        "titles": ["Public Float Measurement Date"],
                        "datatype": {
                            "base": "string",
                            "maxLength": 8
                        },
                        "dc:description": "Date on which the public float was measured by the filer."
                    },
                    {
                        "name": "floataxis",
                        "titles": ["Public Float Axis"],
                        "datatype": {
                            "base": "string",
                            "maxLength": 255
                        },
                        "dc:description": "If the public float value was computed by summing across several tagged values, this indicates the nature of the summation."
                    },
                    {
                        "name": "floatmems",
                        "titles": ["Public Float Members"],
                        "datatype": {
                            "base": "decimal",
                            "minInclusive": 0,
                            "maxInclusive": 255
                        },
                        "dc:description": "If the public float was computed, the number of terms in the summation."
                    }
                ]
            }
        },
        {
            "url": "tag.tsv",
            "tableSchema": {
                "aboutUrl": "readme.htm",
                "primaryKey": [
                    "tag",
                    "version"
                ],
                "columns": [
                    {
                        "name": "tag",
                        "titles": ["Localname"],
                        "required": "true",
                        "datatype": {
                            "base": "string",
                            "maxLength": 256
                        },
                        "dc:description": "The unique identifier (name) for a tag in a specific taxonomy release."
                    },
                    {
                        "name": "version",
                        "titles": [
                            "Namespace",
                            "Taxonomy"
                        ],
                        "required": "true",
                        "datatype": {
                            "base": "string",
                            "maxLength": 20
                        },
                        "dc:description": "For a standard tag, an identifier for the taxonomy; otherwise the accession number where the tag was defined."
                    },
                    {
                        "name": "custom",
                        "titles": [],
                        "required": "true",
                        "datatype": {
                            "base": "decimal",
                            "minInclusive": 0,
                            "maxInclusive": 1
                        },
                        "dc:description": "1 if tag is custom (version=adsh), 0 if it is standard. Note: This flag is technically redundant with the version and adsh fields."
                    },
                    {
                        "name": "abstract",
                        "titles": [],
                        "required": "true",
                        "datatype": {
                            "base": "decimal",
                            "minInclusive": 0,
                            "maxInclusive": 1
                        },
                        "dc:description": "1 if the tag is not used to represent a numeric fact."
                    },
                    {
                        "name": "datatype",
                        "titles": [],
                        "datatype": {
                            "base": "string",
                            "maxLength": 20
                        },
                        "dc:description": "If abstract=1, then NULL, otherwise the data type (e.g., monetary) for the tag."
                    },
                    {
                        "name": "iord",
                        "titles": ["Instant or Duration"],
                        "datatype": {
                            "base": "string",
                            "maxLength": 1
                        },
                        "dc:description": "If abstract=1, then NULL; otherwise, I if the value is a point in time, or D if the value is a duration."
                    },
                    {
                        "name": "crdr",
                        "titles": ["Credit or Debit"],
                        "datatype": {
                            "base": "string",
                            "maxLength": 1
                        },
                        "dc:description": "If datatype = monetary, then the tag's natural accounting balance from the perspective of the balance sheet or income statement (debit or credit); if not defined, then NULL."
                    },
                    {
                        "name": "tlabel",
                        "titles": ["Label"],
                        "datatype": {
                            "base": "string",
                            "maxLength": 512
                        },
                        "dc:description": "If a standard tag, then the label text provided by the taxonomy, otherwise the text provided by the filer. A tag which had neither would have a NULL value here."
                    },
                    {
                        "name": "doc",
                        "titles": ["Documentation"],
                        "datatype": {
                            "base": "string"
                        },
                        "dc:description": "The detailed definition for the tag. If a standard tag, then the text provided by the taxonomy, otherwise the text assigned by the filer. Some tags have neither, in which case this field is NULL."
                    }
                ]
            }
        },
        {
            "url": "dim.tsv",
            "tableSchema": {
                "aboutUrl": "readme.htm",
                "primaryKey": "dimh",
                "columns": [
                    {
                        "name": "dimh",
                        "titles": ["Dimension Hash"],
                        "required": "true",
                        "datatype": {
                            "base": "string",
                            "maxLength": 34
                        },
                        "dc:description": "MD5 hash of the segments field text. Although MD5 is unsuitable for cryptographic use, it is used here merely to limit the size of the primary key."
                    },
                    {
                        "name": "segments",
                        "titles": [],
                        "datatype": {
                            "base": "string",
                            "maxLength": 1024
                        },
                        "dc:description": "Concatenation of tag names representing the axis and members appearing in the XBRL segments. Tag names have their first characters \"Statement\", last 4 characters \"Axis\", and last 6 characters \"Member\" or \"Domain\" truncated where they appear. Namespaces and prefixes are ignored because EDGAR validation guarantees that the local-names are unique with a submission. Each dimension is represented as the pair \"{axis}={member};\" and the axes concatenated in lexical order. Example: \"LegalEntity=Xyz;Scenario=Restated;\" represents the XBRL segment with dimension LegalEntityAxis and member XyzMember, dimension StatementScenarioAxis and member RestatedMember."
                    },
                    {
                        "name": "segt",
                        "titles": ["Segments Truncated"],
                        "required": "true",
                        "datatype": {
                            "base": "decimal",
                            "minInclusive": 0,
                            "maxInclusive": 1
                        },
                        "dc:description": "TRUE if the segments field would have been longer than 1024 characters had it not been truncated, else FALSE."
                    }
                ]
            }
        },
        {
            "url": "num.tsv",
            "tableSchema": {
                "aboutUrl": "readme.htm",
                "primaryKey": [
                    "adsh",
                    "tag",
                    "version",
                    "ddate",
                    "qtrs",
                    "uom",
                    "dimh",
                    "iprx"
                ],
                "columns": [
                    {
                        "name": "adsh",
                        "titles": ["Accession Number"],
                        "required": "true",
                        "datatype": {
                            "base": "string",
                            "minLength": 20,
                            "maxLength": 20
                        },
                        "dc:description": "Accession Number. The 20-character string formed from the 18-digit number assigned by the Commission to each EDGAR submission."
                    },
                    {
                        "name": "tag",
                        "titles": ["Localname"],
                        "required": "true",
                        "datatype": {
                            "base": "string",
                            "maxLength": 255
                        },
                        "dc:description": "The unique identifier (name) for a tag in a specific taxonomy release."
                    },
                    {
                        "name": "version",
                        "titles": ["Namespace"],
                        "required": "true",
                        "datatype": {
                            "base": "string",
                            "maxLength": 20
                        },
                        "dc:description": "For a standard tag, an identifier for the taxonomy; otherwise the accession number where the tag was defined."
                    },
                    {
                        "name": "ddate",
                        "titles": ["Data Date"],
                        "required": "true",
                        "datatype": {
                            "base": "string",
                            "minLength": 8,
                            "maxLength": 8
                        },
                        "dc:description": "The end date for the data value, rounded to the nearest month end."
                    },
                    {
                        "name": "qtrs",
                        "titles": ["Quarters"],
                        "required": "true",
                        "datatype": {
                            "base": "decimal",
                            "minInclusive": 0
                        },
                        "dc:description": "The count of the number of quarters represented by the data value, rounded to the nearest whole number. \"0\" indicates it is a point-in-time value."
                    },
                    {
                        "name": "uom",
                        "titles": ["Unit of Measure"],
                        "required": "true",
                        "datatype": {
                            "base": "string",
                            "maxLength": 50
                        },
                        "dc:description": "The unit of measure for the value."
                    },
                    {
                        "name": "dimh",
                        "titles": ["Dimension Hash"],
                        "datatype": {
                            "base": "string",
                            "maxLength": 34
                        },
                        "dc:description": "The 32-byte hexadecimal key for the dimensional information in the DIM data set."
                    },
                    {
                        "name": "iprx",
                        "titles": ["Fact Preference"],
                        "datatype": {
                            "base": "decimal",
                            "minInclusive": 0,
                            "maxInclusive": 32767
                        },
                        "dc:description": "A positive integer to distinguish different reported facts that otherwise would have the same primary key. For most purposes, data with iprx greater than 1 are not needed. The priority for the fact based on higher precision, closeness of the end date to a month end, and closeness of the duration to a multiple of three months. See fields dcml, durp and datp below."
                    },
                    {
                        "name": "value",
                        "titles": [],
                        "datatype": {"base": "decimal"},
                        "dc:description": "The value. This is not scaled, it is as found in the Interactive Data file, but is rounded to four digits to the right of the decimal point."
                    },
                    {
                        "name": "footnote",
                        "titles": ["Footnote Text"],
                        "datatype": {
                            "base": "string",
                            "maxLength": 512
                        },
                        "dc:description": "The plain text of any superscripted footnotes on the value, if any, as shown on the statement page, truncated to 512 characters."
                    },
                    {
                        "name": "footlen",
                        "titles": ["Footnote Length"],
                        "required": "true",
                        "datatype": {
                            "base": "decimal",
                            "minInclusive": 0
                        },
                        "dc:description": "Number of bytes in the plain text of the footnote prior to truncation; zero if no footnote."
                    },
                    {
                        "name": "dimn",
                        "titles": ["Number of Dimensions"],
                        "required": "true",
                        "datatype": {
                            "base": "decimal",
                            "minInclusive": 0
                        },
                        "dc:description": "Small integer representing the number of dimensions. Note that this value is a function of the dimension segments."
                    },
                    {
                        "name": "coreg",
                        "titles": ["Coregistrant"],
                        "datatype": {
                            "base": "string",
                            "maxLength": 256
                        },
                        "dc:description": "If specified, indicates a specific co-registrant, the parent company, or other entity (e.g., guarantor). NULL indicates the consolidated entity. Note that this value is a function of the dimension segments."
                    },
                    {
                        "name": "durp",
                        "titles": ["Duration Preference"],
                        "datatype": {"base": "decimal"},
                        "dc:description": "The difference between the reported fact duration and the quarter duration (qtrs), expressed as a fraction of 1. For example, a fact with duration of 120 days rounded to a 91-day quarter has a durp value of 29/91 = +0.3187."
                    },
                    {
                        "name": "datp",
                        "titles": ["Date Preference"],
                        "datatype": {"base": "decimal"},
                        "dc:description": "The date proximity in number of days between end date reported and month-end rounded date."
                    },
                    {
                        "name": "dcml",
                        "titles": ["Decimals"],
                        "datatype": {
                            "base": "decimal",
                            "minInclusive": -32768,
                            "maxInclusive": 32767
                        },
                        "dc:description": "The value of the fact \"decimals\" attribute, with INF represented by 32767."
                    }
                ],
                "foreignKeys": [
                    {
                        "columnReference": "adsh",
                        "reference": {
                            "resource": "sub.tsv",
                            "columnReference": "adsh"
                        }
                    },
                    {
                        "columnReference": "dimh",
                        "reference": {
                            "resource": "https://wwww.sec.gov/files2020q4.zip#path=dim.tsv",
                            "columnReference": "dimh"
                        }
                    },
                    {
                        "columnReference": [
                            "tag",
                            "version"
                        ],
                        "reference": {
                            "resource": "https://wwww.sec.gov/files2020q4.zip#path=tag.tsv",
                            "columnReference": [
                                "tag",
                                "version"
                            ]
                        }
                    }
                ]
            }
        },
        {
            "url": "txt.tsv",
            "tableSchema": {
                "aboutUrl": "readme.htm",
                "primaryKey": [
                    "adsh",
                    "tag",
                    "version",
                    "ddate",
                    "qtrs",
                    "dimh",
                    "iprx"
                ],
                "columns": [
                    {
                        "name": "adsh",
                        "titles": ["Accession number"],
                        "required": "true",
                        "datatype": {
                            "base": "string",
                            "minLength": 20,
                            "maxLength": 20
                        },
                        "dc:description": "Accession Number. The 20-character string formed from the 18-digit number assigned by the Commission to each EDGAR submission."
                    },
                    {
                        "name": "tag",
                        "titles": ["Localname"],
                        "required": "true",
                        "datatype": {
                            "base": "string",
                            "maxLength": 255
                        },
                        "dc:description": "The unique identifier (name) for a tag in a specific taxonomy release."
                    },
                    {
                        "name": "version",
                        "titles": [
                            "Namespace",
                            "Taxonomy"
                        ],
                        "required": "true",
                        "datatype": {
                            "base": "string",
                            "maxLength": 20
                        },
                        "dc:description": "For a standard tag, an identifier for the taxonomy; otherwise the accession number where the tag was defined. For example, \"invest/2013\" indicates that the tag is defined in the 2013 INVEST taxonomy."
                    },
                    {
                        "name": "ddate",
                        "titles": ["Data Date"],
                        "required": "true",
                        "datatype": {
                            "base": "string",
                            "minLength": 8,
                            "maxLength": 8
                        },
                        "dc:description": "The end date for the data value, rounded to the nearest month end."
                    },
                    {
                        "name": "qtrs",
                        "titles": ["Quarters"],
                        "required": "true",
                        "datatype": {
                            "base": "decimal",
                            "minInclusive": 0
                        },
                        "dc:description": "The count of the number of quarters represented by the data value, rounded to the nearest whole number. A point in time value is represented by 0."
                    },
                    {
                        "name": "iprx",
                        "titles": [
                            "Fact Preference",
                            "Preferred Fact Sort Key"
                        ],
                        "datatype": {
                            "base": "decimal",
                            "minInclusive": -32768,
                            "maxInclusive": 32767
                        },
                        "dc:description": "A positive integer to distinguish different reported facts that otherwise would have the same primary key. For most purposes, data with iprx greater than 1 are not needed. The priority for the fact based on higher precision, closeness of the end date to a month end, and closeness of the duration to a multiple of three months. See fields dcml, durp and datp below."
                    },
                    {
                        "name": "lang",
                        "titles": ["Language"],
                        "datatype": {
                            "base": "string",
                            "maxLength": 5
                        },
                        "dc:description": "The ISO language code of the fact content."
                    },
                    {
                        "name": "dcml",
                        "titles": [
                            "Language Preference",
                            "Language Sort Key"
                        ],
                        "datatype": {
                            "base": "decimal",
                            "minInclusive": -32768,
                            "maxInclusive": 32767
                        },
                        "dc:description": "The value of the fact \"xml:lang\" attribute, en-US represented by 32767, other \"en\" dialects having lower values, and other languages lower still."
                    },
                    {
                        "name": "durp",
                        "titles": ["Duration Preference"],
                        "datatype": {"base": "decimal"},
                        "dc:description": "The difference between the reported fact duration and the quarter duration (qtrs), expressed as a fraction of 1. For example, a fact with duration of 120 days rounded to a 91-day quarter has a durp value of 29/91 = +0.3187."
                    },
                    {
                        "name": "datp",
                        "titles": ["Date Preference"],
                        "datatype": {"base": "decimal"},
                        "dc:description": "The date proximity in number of days between end date reported and month-end rounded date."
                    },
                    {
                        "name": "dimh",
                        "titles": ["Dimension Hash"],
                        "datatype": {
                            "base": "string",
                            "maxLength": 34
                        },
                        "dc:description": "The 32-byte hexadecimal key for the dimensional information in the DIM data set."
                    },
                    {
                        "name": "dimn",
                        "titles": ["Number of Dimensions"],
                        "required": "true",
                        "datatype": {
                            "base": "decimal",
                            "minInclusive": 0
                        },
                        "dc:description": "Small integer representing the number of dimensions, useful for sorting. Note that this value is function of the dimension segments."
                    },
                    {
                        "name": "coreg",
                        "titles": ["Coregistrant"],
                        "datatype": {
                            "base": "string",
                            "maxLength": 256
                        },
                        "dc:description": "If specified, indicates a specific co-registrant, the parent company, or other entity (e.g., guarantor). NULL indicates the consolidated entity. Note that this value is a function of the dimension segments."
                    },
                    {
                        "name": "escaped",
                        "titles": [],
                        "required": "true",
                        "datatype": {
                            "base": "decimal",
                            "minInclusive": 0,
                            "maxInclusive": 1
                        },
                        "dc:description": "Flag indicating whether the value has had tags removed."
                    },
                    {
                        "name": "srclen",
                        "titles": ["Source Length"],
                        "required": "true",
                        "datatype": {
                            "base": "decimal",
                            "minInclusive": 0
                        },
                        "dc:description": "Number of bytes in the original, unprocessed value. Zero indicates a NULL value."
                    },
                    {
                        "name": "txtlen",
                        "titles": ["Text Length"],
                        "required": "true",
                        "datatype": {
                            "base": "decimal",
                            "minInclusive": 0
                        },
                        "dc:description": "The original length of the whitespace normalized value, which may have been greater than 8192."
                    },
                    {
                        "name": "footnote",
                        "titles": ["Footnote Text"],
                        "datatype": {
                            "base": "string",
                            "maxLength": 512
                        },
                        "dc:description": "The plain text of any superscripted footnotes on the value, as shown on the page, truncated to 512 characters, or if there is no footnote, then this field will be blank."
                    },
                    {
                        "name": "footlen",
                        "titles": ["Footnote Length"],
                        "required": "true",
                        "datatype": {
                            "base": "decimal",
                            "minInclusive": 0
                        },
                        "dc:description": "Number of bytes in the plain text of the footnote prior to truncation."
                    },
                    {
                        "name": "context",
                        "titles": ["Context Ref"],
                        "datatype": {
                            "base": "string",
                            "maxLength": 255
                        },
                        "dc:description": "The value of the contextRef attribute in the source XBRL document, which can be used to recover the original HTML tagging if desired."
                    },
                    {
                        "name": "value",
                        "titles": [],
                        "datatype": {
                            "base": "string"
                        },
                        "dc:description": "The value, with all whitespace normalized, that is, all sequences of line feeds, carriage returns, tabs, non-breaking spaces, and spaces having been collapsed to a single space, and no leading or trailing spaces. Escaped XML that appears in EDGAR \"Text Block\" tags is processed to remove all mark-up (comments, processing instructions, elements, attributes). The resulting text is not intended for end user display but only for text analysis applications."
                    }
                ],
                "foreignKeys": [
                    {
                        "columnReference": "adsh",
                        "reference": {
                            "resource": "sub.tsv",
                            "columnReference": "adsh"
                        }
                    },
                    {
                        "columnReference": "dimh",
                        "reference": {
                            "resource": "https://wwww.sec.gov/files2020q4.zip#path=dim.tsv",
                            "columnReference": "dimh"
                        }
                    },
                    {
                        "columnReference": [
                            "tag",
                            "version"
                        ],
                        "reference": {
                            "resource": "https://wwww.sec.gov/files2020q4.zip#path=tag.tsv",
                            "columnReference": [
                                "tag",
                                "version"
                            ]
                        }
                    }
                ]
            }
        },
        {
            "url": "ren.tsv",
            "tableSchema": {
                "aboutUrl": "readme.htm",
                "primaryKey": [
                    "adsh",
                    "report"
                ],
                "columns": [
                    {
                        "name": "adsh",
                        "titles": ["Accession Number"],
                        "required": "true",
                        "datatype": {
                            "base": "string",
                            "minLength": 20,
                            "maxLength": 20
                        },
                        "dc:description": "Accession Number. The 20-character string formed from the 18-digit number assigned by the Commission to each EDGAR submission."
                    },
                    {
                        "name": "report",
                        "titles": ["Report Number"],
                        "required": "true",
                        "datatype": {
                            "base": "decimal",
                            "minInclusive": 0
                        },
                        "dc:description": "Represents the report grouping. The numeric value refers to the \"R file\" as computed by the renderer and posted on the EDGAR website. Note that in some situations the numbers skip."
                    },
                    {
                        "name": "rfile",
                        "titles": ["Report File Type"],
                        "required": "true",
                        "datatype": {
                            "base": "string",
                            "maxLength": 1
                        },
                        "dc:description": "The type of interactive data file rendered on the EDGAR website, H = .htm file, X = .xml file."
                    },
                    {
                        "name": "menucat",
                        "titles": ["Menu Category"],
                        "datatype": {
                            "base": "string",
                            "maxLength": 2
                        },
                        "dc:description": "If available, one of the menu categories as computed by the renderer: C=Cover, S=Statements, N=Notes, P=Policies, T=Tables, D=Details, O=Other, and U=Uncategorized."
                    },
                    {
                        "name": "shortname",
                        "titles": ["Short Name"],
                        "datatype": {
                            "base": "string",
                            "maxLength": 512
                        },
                        "dc:description": "The portion of the long name used in the renderer menu."
                    },
                    {
                        "name": "longname",
                        "titles": ["Long Name"],
                        "datatype": {
                            "base": "string",
                            "maxLength": 512
                        },
                        "dc:description": "The space-normalized text of the XBRL link \"definition\" element content."
                    },
                    {
                        "name": "roleuri",
                        "titles": ["Role URI"],
                        "datatype": {
                            "base": "string",
                            "maxLength": 255
                        },
                        "dc:description": "The XBRL \"roleuri\" of the role."
                    },
                    {
                        "name": "parentroleuri",
                        "titles": ["Parent Role URI"],
                        "datatype": {
                            "base": "string",
                            "maxLength": 255
                        },
                        "dc:description": "The XBRL roleuri of a role for which this role has a matching shortname prefix and a higher level menu category, as computed by the renderer."
                    },
                    {
                        "name": "parentreport",
                        "titles": ["Parent Report"],
                        "datatype": {
                            "base": "decimal",
                            "minInclusive": 0
                        },
                        "dc:description": "The value of the report field for the role where roleuri equals this parentroleuri."
                    },
                    {
                        "name": "ultparentrpt",
                        "titles": ["Ultimate Parent"],
                        "datatype": {
                            "base": "decimal",
                            "minInclusive": 0,
                            "maxInclusive": 32767
                        },
                        "dc:description": "The highest ancestor report reachable by following parentreport relationships. A note (menucat = N) is its own ultimate parent."
                    }
                ],
                "foreignKeys": [{
                    "columnReference": "adsh",
                    "reference": {
                        "resource": "sub.tsv",
                        "columnReference": "adsh"
                    }
                }]
            }
        },
        {
            "url": "pre.tsv",
            "tableSchema": {
                "aboutUrl": "readme.htm",
                "primaryKey": [
                    "adsh",
                    "report",
                    "line"
                ],
                "columns": [
                    {
                        "name": "adsh",
                        "titles": ["Accession Number"],
                        "required": "true",
                        "datatype": {
                            "base": "string",
                            "minLength": 20,
                            "maxLength": 20
                        },
                        "dc:description": "Accession Number. The 20-character string formed from the 18-digit number assigned by the Commission to each EDGAR submission."
                    },
                    {
                        "name": "report",
                        "titles": [],
                        "required": "true",
                        "datatype": {
                            "base": "decimal",
                            "minInclusive": 0
                        },
                        "dc:description": "Represents the report grouping. The numeric value refers to the \"R file\" as computed by the renderer and posted on the EDGAR website. Note that in some situations the numbers skip."
                    },
                    {
                        "name": "line",
                        "titles": [],
                        "required": "true",
                        "datatype": {
                            "base": "decimal",
                            "minInclusive": 0
                        },
                        "dc:description": "Represents the tag's presentation line order for a given report. Together with the statement and report field, presentation location, order and grouping can be derived."
                    },
                    {
                        "name": "stmt",
                        "titles": ["Statement"],
                        "datatype": {
                            "base": "string",
                            "maxLength": 2
                        },
                        "dc:description": "The financial statement location to which the value of the \"report\" field pertains."
                    },
                    {
                        "name": "inpth",
                        "titles": ["Parenthentical"],
                        "required": "true",
                        "datatype": {
                            "base": "decimal",
                            "minInclusive": 0,
                            "maxInclusive": 1
                        },
                        "dc:description": "1 indicates that the value was presented \"parenthetically\" instead of in fields within the financial statements. For example: Receivables (net of allowance for bad debts of USD 200 in 2012) USD 700"
                    },
                    {
                        "name": "tag",
                        "titles": ["Localname"],
                        "required": "true",
                        "datatype": {
                            "base": "string",
                            "maxLength": 256
                        },
                        "dc:description": "The tag chosen by the filer for this line item."
                    },
                    {
                        "name": "version",
                        "titles": [
                            "Namespace",
                            "Taxonomy"
                        ],
                        "required": "true",
                        "datatype": {
                            "base": "string",
                            "maxLength": 20
                        },
                        "dc:description": "The taxonomy identifier if the tag is a standard tag, otherwise adsh."
                    },
                    {
                        "name": "prole",
                        "titles": ["Preferred Role"],
                        "datatype": {
                            "base": "string",
                            "maxLength": 50
                        },
                        "dc:description": "The XBRL link \"role\" of the preferred label, using only the portion of the role URI after the last \"/\"."
                    },
                    {
                        "name": "plabel",
                        "titles": ["Label"],
                        "datatype": {
                            "base": "string",
                            "maxLength": 512
                        },
                        "dc:description": "The text presented on the line item, also known as a \"preferred\" label."
                    },
                    {
                        "name": "negating",
                        "titles": [],
                        "required": "true",
                        "datatype": {
                            "base": "decimal",
                            "minInclusive": 0,
                            "maxInclusive": 1
                        },
                        "dc:description": "Flag to indicate whether the prole is treated as negating by the renderer."
                    }
                ],
                "foreignKeys": [
                    {
                        "columnReference": [
                            "adsh",
                            "report"
                        ],
                        "reference": {
                            "resource": "ren.tsv",
                            "columnReference": [
                                "adsh",
                                "report"
                            ]
                        }
                    },
                    {
                        "columnReference": [
                            "tag",
                            "version"
                        ],
                        "reference": {
                            "resource": "tag.tsv",
                            "columnReference": [
                                "tag",
                                "version"
                            ]
                        }
                    }
                ]
            }
        },
        {
            "url": "cal.tsv",
            "tableSchema": {
                "aboutUrl": "readme.htm",
                "primaryKey": [
                    "adsh",
                    "grp",
                    "arc"
                ],
                "columns": [
                    {
                        "name": "adsh",
                        "titles": ["Accession Number"],
                        "required": "true",
                        "datatype": {
                            "base": "string",
                            "minLength": 20,
                            "maxLength": 20
                        },
                        "dc:description": "Accession Number. The 20-character string formed from the 18-digit number assigned by the Commission to each EDGAR submission."
                    },
                    {
                        "name": "grp",
                        "titles": ["Group"],
                        "required": "true",
                        "datatype": {
                            "base": "decimal",
                            "minInclusive": 0,
                            "maxInclusive": 255
                        },
                        "dc:description": "Sequential number for grouping arcs in a submission."
                    },
                    {
                        "name": "arc",
                        "titles": [],
                        "required": "true",
                        "datatype": {
                            "base": "decimal",
                            "minInclusive": 255
                        },
                        "dc:description": "Sequential number for arcs within a group in a submission."
                    },
                    {
                        "name": "negative",
                        "titles": ["Negative Weight"],
                        "required": "true",
                        "datatype": {
                            "base": "decimal",
                            "minInclusive": 0,
                            "maxInclusive": 1
                        },
                        "dc:description": "Indicates a weight of -1 (TRUE if the arc is negative), but typically +1 (FALSE)."
                    },
                    {
                        "name": "ptag",
                        "titles": ["Parent Tag"],
                        "required": "true",
                        "datatype": {
                            "base": "string",
                            "maxLength": 256
                        },
                        "dc:description": "The tag for the parent of the arc"
                    },
                    {
                        "name": "pversion",
                        "titles": ["Parent Namespace"],
                        "required": "true",
                        "datatype": {
                            "base": "string",
                            "maxLength": 20
                        },
                        "dc:description": "The version of the tag for the parent of the arc"
                    },
                    {
                        "name": "ctag",
                        "titles": ["Child Tag"],
                        "required": "true",
                        "datatype": {
                            "base": "string",
                            "maxLength": 255
                        },
                        "dc:description": "The tag for the child of the arc"
                    },
                    {
                        "name": "cversion",
                        "titles": ["Child Namespace"],
                        "required": "true",
                        "datatype": {
                            "base": "string",
                            "maxLength": 20
                        },
                        "dc:description": "The version of the tag for the child of the arc"
                    }
                ],
                "foreignKeys": [
                    {
                        "columnReference": "adsh",
                        "reference": {
                            "resource": "sub.tsv",
                            "columnReference": "adsh"
                        }
                    },
                    {
                        "columnReference": [
                            "ptag",
                            "pversion"
                        ],
                        "reference": {
                            "resource": "tag.tsv",
                            "columnReference": [
                                "tag",
                                "version"
                            ]
                        }
                    },
                    {
                        "columnReference": [
                            "ctag",
                            "cversion"
                        ],
                        "reference": {
                            "resource": "tag.tsv",
                            "columnReference": [
                                "tag",
                                "version"
                            ]
                        }
                    }
                ]
            }
        }
    ]
}
